{
    "loss": 0.38719531893730164,
    "accuracy": 0.9655172228813171
}